{
  "timestamp": "2025-05-30T21:48:51.444502",
  "config": {
    "microbenchmarks": {
      "matrix_size": 1000,
      "vector_size": 100000000
    },
    "ml_workloads": {
      "batch_size": 32,
      "iterations": 10
    },
    "sql_benchmarks": {
      "row_count": 100000,
      "threshold": 50000
    }
  },
  "system": {
    "cpu_percent": 5.8,
    "mem_percent": 85.3,
    "platform": "Windows",
    "cpu_count": 12,
    "gpu_available": false,
    "gpu_name": "AMD Radeon(TM) 660M",
    "gpu_type": "Integrated AMD"
  },
  "Floating Point Throughput": {
    "execution_time_sec": 0.0155,
    "memory_usage_MB": 5.71
  },
  "Memory Bandwidth": {
    "execution_time_sec": 0.9481,
    "memory_usage_MB": 0.0
  },
  "Memory Latency": {
    "execution_time_sec": 0.136,
    "memory_usage_MB": 0.0
  },
  "Cache Performance": [
    [
      4,
      1.8199999431089964e-05
    ],
    [
      64,
      8.55999996929313e-05
    ],
    [
      512,
      0.0007149000002755201
    ],
    [
      2048,
      0.003446500000791275
    ],
    [
      8192,
      0.013036299999839684
    ]
  ],
  "Thread Scalability": [
    [
      1,
      3.65690689999974
    ],
    [
      2,
      7.368171499999335
    ],
    [
      3,
      11.08714239999972
    ],
    [
      4,
      14.81702899999982
    ],
    [
      5,
      18.53521280000041
    ],
    [
      6,
      22.357892099999845
    ],
    [
      7,
      25.83977640000012
    ],
    [
      8,
      29.44473409999955
    ]
  ]
}