{
  "timestamp": "2025-05-30T22:33:14.551187",
  "config": {
    "microbenchmarks": {
      "matrix_size": 1000,
      "vector_size": 100000000
    },
    "ml_workloads": {
      "batch_size": 32,
      "iterations": 10
    },
    "sql_benchmarks": {
      "row_count": 100000,
      "threshold": 50000
    }
  },
  "system": {
    "cpu_percent": 25.8,
    "mem_percent": 61.4,
    "platform": "Darwin",
    "cpu_count": 10,
    "gpu_available": false,
    "gpu_name": "",
    "gpu_type": "Unknown"
  },
  "Floating Point Throughput": {
    "execution_time_sec": 0.0437,
    "memory_usage_MB": 17.56
  },
  "Memory Bandwidth": {
    "execution_time_sec": 0.599,
    "memory_usage_MB": 0.02
  },
  "Memory Latency": {
    "execution_time_sec": 0.1292,
    "memory_usage_MB": 0.02
  },
  "Cache Performance": [
    [
      4,
      1.095794141292572e-05
    ],
    [
      64,
      5.8999983593821526e-05
    ],
    [
      512,
      0.00045979104470461607
    ],
    [
      2048,
      0.0018342919647693634
    ],
    [
      8192,
      0.007042665965855122
    ]
  ],
  "Thread Scalability": [
    [
      1,
      4.259480333072133
    ],
    [
      2,
      2.4495714160148054
    ],
    [
      3,
      1.9802194579970092
    ],
    [
      4,
      1.6651564579224214
    ],
    [
      5,
      1.4464126250240952
    ],
    [
      6,
      1.3697371250018477
    ],
    [
      7,
      1.3589794159634039
    ],
    [
      8,
      1.3506823749048635
    ]
  ]
}