{
  "timestamp": "2025-05-31T01:14:32.103627",
  "config": {
    "microbenchmarks": {
      "matrix_size": 1000,
      "vector_size": 100000000
    },
    "ml_workloads": {
      "batch_size": 32,
      "iterations": 10
    },
    "sql_benchmarks": {
      "row_count": 100000,
      "threshold": 50000
    }
  },
  "system": {
    "cpu_percent": 1.7,
    "mem_percent": 96.7,
    "platform": "Windows",
    "cpu_count": 12,
    "gpu_available": false,
    "gpu_name": "AMD Radeon(TM) 660M",
    "gpu_type": "Integrated AMD"
  },
  "Floating Point Throughput": {
    "execution_time_sec": 0.0231,
    "memory_usage_MB": 5.72
  },
  "Memory Bandwidth": {
    "execution_time_sec": 1.6994,
    "memory_usage_MB": 0.0
  },
  "Memory Latency": {
    "execution_time_sec": 0.1332,
    "memory_usage_MB": 0.12
  },
  "Cache Performance": [
    [
      4,
      0.0006594000005861744
    ],
    [
      64,
      8.270000034826808e-05
    ],
    [
      512,
      0.0006517999972857069
    ],
    [
      2048,
      0.0035453000018605962
    ],
    [
      8192,
      0.01215059999958612
    ]
  ],
  "Thread Scalability": [
    [
      1,
      8.820784799998364
    ],
    [
      2,
      5.5742442999980995
    ],
    [
      3,
      4.8981681000004755
    ],
    [
      4,
      4.5533614000014495
    ],
    [
      5,
      4.631326899998385
    ],
    [
      6,
      4.8547598000004655
    ],
    [
      7,
      5.2608605999994325
    ],
    [
      8,
      5.496460700000171
    ]
  ],
  "Sorting Benchmarks": {
    "numpy_sort": 0.13447769999766024,
    "pandas_sort": 0.10271320000174455
  },
  "Join Benchmarks": {
    "pandas_inner_join": 0.1432223999981943
  },
  "ML Benchmark (scikit-learn)": {
    "train_time_sec": 0.0568,
    "inference_time_sec": 0.0019
  },
  "ML Benchmark (sklearn vs PyTorch)": {
    "scikit_learn": {
      "train_time_sec": 0.024,
      "inference_time_sec": 0.0009
    },
    "pytorch_cpu": {
      "device": "cpu",
      "train_time_sec": 0.9019,
      "inference_time_sec": 0.0021
    },
    "pytorch_gpu": {
      "device": "cpu",
      "train_time_sec": 0.8717,
      "inference_time_sec": 0.0021
    }
  }
}