{
  "timestamp": "2025-05-30T22:09:18.282599",
  "config": {
    "microbenchmarks": {
      "matrix_size": 1000,
      "vector_size": 100000000
    },
    "ml_workloads": {
      "batch_size": 32,
      "iterations": 10
    },
    "sql_benchmarks": {
      "row_count": 100000,
      "threshold": 50000
    }
  },
  "system": {
    "cpu_percent": 1.3,
    "mem_percent": 83.8,
    "platform": "Windows",
    "cpu_count": 12,
    "gpu_available": false,
    "gpu_name": "AMD Radeon(TM) 660M",
    "gpu_type": "Integrated AMD"
  },
  "Floating Point Throughput": {
    "execution_time_sec": 0.0187,
    "memory_usage_MB": 5.72
  },
  "Memory Bandwidth": {
    "execution_time_sec": 0.8751,
    "memory_usage_MB": 0.01
  },
  "Memory Latency": {
    "execution_time_sec": 0.1392,
    "memory_usage_MB": 0.0
  },
  "Cache Performance": [
    [
      4,
      2.120000044669723e-05
    ],
    [
      64,
      8.489999981975416e-05
    ],
    [
      512,
      0.0007022999998298474
    ],
    [
      2048,
      0.003496600000289618
    ],
    [
      8192,
      0.014533900000060385
    ]
  ],
  "Thread Scalability": [
    [
      1,
      4.506041200000254
    ],
    [
      2,
      2.7208557000003566
    ],
    [
      3,
      2.171049900000071
    ],
    [
      4,
      1.8857398000000103
    ],
    [
      5,
      1.9076520999997229
    ],
    [
      6,
      2.0287874000005104
    ],
    [
      7,
      1.8621130999999878
    ],
    [
      8,
      1.898903899999823
    ]
  ]
}