{
  "timestamp": "2025-05-30T21:58:07.514837",
  "config": {
    "microbenchmarks": {
      "matrix_size": 1000,
      "vector_size": 100000000
    },
    "ml_workloads": {
      "batch_size": 32,
      "iterations": 10
    },
    "sql_benchmarks": {
      "row_count": 100000,
      "threshold": 50000
    }
  },
  "system": {
    "cpu_percent": 3.5,
    "mem_percent": 87.1,
    "platform": "Windows",
    "cpu_count": 12,
    "gpu_available": false,
    "gpu_name": "AMD Radeon(TM) 660M",
    "gpu_type": "Integrated AMD"
  },
  "Floating Point Throughput": {
    "execution_time_sec": 0.0177,
    "memory_usage_MB": 5.73
  },
  "Memory Bandwidth": {
    "execution_time_sec": 1.9148,
    "memory_usage_MB": -49.59
  },
  "Memory Latency": {
    "execution_time_sec": 0.1459,
    "memory_usage_MB": 0.23
  },
  "Cache Performance": [
    [
      4,
      0.0007559999994555255
    ],
    [
      64,
      0.00011340000037307618
    ],
    [
      512,
      0.0008593000002292683
    ],
    [
      2048,
      0.0030460000007224153
    ],
    [
      8192,
      0.012296700000661076
    ]
  ],
  "Thread Scalability": [
    [
      1,
      4.826697999999851
    ],
    [
      2,
      4.775897899999109
    ],
    [
      3,
      4.9402949999994235
    ],
    [
      4,
      5.163270100000773
    ],
    [
      5,
      5.673526800000218
    ],
    [
      6,
      6.0938798999995925
    ],
    [
      7,
      7.764432200000556
    ],
    [
      8,
      7.516426299999694
    ]
  ]
}